{"mean_reward": 280.7708858907728, "std_reward": 18.313778411249043, "is_deterministic": true, "n_eval_episodes": 10, "eval_datetime": "2025-05-26T15:41:28.925826"}